Roberto;Sanchez;roberto.s@email.com;RobertoS;Peru;roberto456
Sofia;Gonzalez;sofia.g@email.com;SofiaG;Chile;sofia789
Diego;Torres;diego.t@email.com;DiegoT;Uruguay;diego123
Elena;Ramirez;elena.r@email.com;ElenaR;Mexico;elena456
gorkA;O;RGER;CDFE;FE;DE
pedro.m@email.com;pedro2023;VWRVW;CDFE;FE;DE
gorka;ortuzar;g@email.com;ortu;españa;g1
idoia;depalacio;idoia@email.com;ido;españa;I12
ainhoa;gomez;ag@email.com;aM;dinamarca;A12
nombre1;apellido1;e@gmail.com;e3;francia;e13
